{"cameraMode":{"drawMode":0,"name":"Shaded","section":"Shading Mode"},"sceneLighting":false,"audioPlay":false,"sceneViewState":{"m_AlwaysRefresh":false,"showFog":true,"showSkybox":false,"showFlares":true,"showImageEffects":true,"showParticleSystems":true,"showVisualEffectGraphs":true,"m_FxEnabled":true},"in2DMode":false,"pivot":{"x":191.22154235839845,"y":2.9734840393066408,"z":34.74946212768555},"rotation":{"x":0.0014939385000616313,"y":0.5646362900733948,"z":-0.0010212463093921543,"w":0.8253331780433655},"size":9.013877868652344,"orthographic":false}