{"cameraMode":{"drawMode":0,"name":"Shaded","section":"Shading Mode"},"sceneLighting":false,"audioPlay":false,"sceneViewState":{"m_AlwaysRefresh":false,"showFog":true,"showSkybox":false,"showFlares":true,"showImageEffects":true,"showParticleSystems":true,"showVisualEffectGraphs":true,"m_FxEnabled":true},"in2DMode":false,"pivot":{"x":42.030941009521487,"y":-1.0295813083648682,"z":7.0946221351623539},"rotation":{"x":0.14903251826763154,"y":-0.06716956198215485,"z":0.012218584306538105,"w":0.9849677085876465},"size":9.805497169494629,"orthographic":false}