{"cameraMode":{"drawMode":0,"name":"Shaded","section":"Shading Mode"},"sceneLighting":false,"audioPlay":false,"sceneViewState":{"m_AlwaysRefresh":false,"showFog":true,"showSkybox":false,"showFlares":true,"showImageEffects":true,"showParticleSystems":true,"showVisualEffectGraphs":true,"m_FxEnabled":true},"in2DMode":false,"pivot":{"x":-20.1853084564209,"y":2.0774073600769045,"z":-9.201183319091797},"rotation":{"x":0.007996682077646256,"y":-0.6713892817497253,"z":0.007272692862898111,"w":0.7409444451332092},"size":0.2808597981929779,"orthographic":false}