{"cameraMode":{"drawMode":0,"name":"Shaded","section":"Shading Mode"},"sceneLighting":false,"audioPlay":false,"sceneViewState":{"m_AlwaysRefresh":false,"showFog":true,"showSkybox":false,"showFlares":true,"showImageEffects":true,"showParticleSystems":true,"showVisualEffectGraphs":true,"m_FxEnabled":true},"in2DMode":false,"pivot":{"x":42.54324722290039,"y":0.08850359916687012,"z":-7.8445844650268559},"rotation":{"x":0.323241651058197,"y":0.18754656612873078,"z":-0.0640377551317215,"w":0.9237534403800964},"size":0.41433537006378176,"orthographic":false}