{"cameraMode":{"drawMode":0,"name":"Shaded","section":"Shading Mode"},"sceneLighting":false,"audioPlay":false,"sceneViewState":{"m_AlwaysRefresh":false,"showFog":true,"showSkybox":false,"showFlares":true,"showImageEffects":true,"showParticleSystems":true,"showVisualEffectGraphs":true,"m_FxEnabled":true},"in2DMode":false,"pivot":{"x":38.17073440551758,"y":3.6614913940429689,"z":5.311461925506592},"rotation":{"x":0.000022209613234736025,"y":0.9928631782531738,"z":0.09851247817277909,"w":0.044830720871686938},"size":2.8136250972747804,"orthographic":false}